-- Adminer 4.7.9 MySQL dump

SET NAMES utf8;
SET time_zone = '+00:00';
SET foreign_key_checks = 0;
SET sql_mode = 'NO_AUTO_VALUE_ON_ZERO';

SET NAMES utf8mb4;

DROP TABLE IF EXISTS `migration`;
CREATE TABLE `migration` (
  `version` varchar(180) NOT NULL,
  `apply_time` int(11) DEFAULT NULL,
  PRIMARY KEY (`version`)
) ENGINE=InnoDB DEFAULT CHARSET=utf8mb4;

INSERT INTO `migration` (`version`, `apply_time`) VALUES
('m000000_000000_base',	1612871768),
('m210209_094314_wilayah',	1612871770),
('m210209_094320_sensus',	1612871771);

DROP TABLE IF EXISTS `sensus`;
CREATE TABLE `sensus` (
  `pk` bigint(20) NOT NULL AUTO_INCREMENT,
  `pk_wilayah` bigint(20) DEFAULT NULL,
  `banyak` bigint(20) NOT NULL,
  `created` timestamp NOT NULL DEFAULT current_timestamp(),
  `updated` timestamp NOT NULL DEFAULT current_timestamp() ON UPDATE current_timestamp(),
  PRIMARY KEY (`pk`),
  CONSTRAINT `sensus_wilayah_fk` FOREIGN KEY (`pk`) REFERENCES `wilayah` (`pk`) ON DELETE CASCADE ON UPDATE CASCADE
) ENGINE=InnoDB DEFAULT CHARSET=utf8mb4;

INSERT INTO `sensus` (`pk`, `pk_wilayah`, `banyak`, `created`, `updated`) VALUES
(1,	2,	2693896,	'2021-02-09 11:56:16',	'2021-02-09 11:56:16'),
(2,	4,	2765487,	'2021-02-09 11:56:16',	'2021-02-09 11:56:16'),
(3,	6,	2394873,	'2021-02-09 11:56:16',	'2021-02-09 11:56:16'),
(4,	7,	2334871,	'2021-02-09 11:56:17',	'2021-02-09 11:56:17'),
(5,	9,	2097610,	'2021-02-09 11:56:17',	'2021-02-09 11:56:17'),
(6,	10,	2281945,	'2021-02-09 11:56:17',	'2021-02-09 11:56:17'),
(7,	11,	2062232,	'2021-02-09 11:56:17',	'2021-02-09 11:56:17'),
(8,	13,	1338663,	'2021-02-09 11:56:17',	'2021-02-09 11:56:17'),
(9,	14,	1645659,	'2021-02-09 11:56:17',	'2021-02-09 11:56:17'),
(10,	15,	1738570,	'2021-02-09 11:56:17',	'2021-02-09 11:56:17'),
(11,	17,	1555984,	'2021-02-09 11:56:17',	'2021-02-09 11:56:17'),
(12,	19,	1798601,	'2021-02-09 11:56:17',	'2021-02-09 11:56:17'),
(13,	21,	1455284,	'2021-02-09 11:56:17',	'2021-02-09 11:56:17'),
(14,	22,	1290322,	'2021-02-09 11:56:17',	'2021-02-09 11:56:17'),
(15,	24,	881801,	'2021-02-09 11:56:17',	'2021-02-09 11:56:17'),
(16,	25,	902973,	'2021-02-09 11:56:17',	'2021-02-09 11:56:17'),
(17,	27,	944285,	'2021-02-09 11:56:17',	'2021-02-09 11:56:17'),
(18,	28,	950334,	'2021-02-09 11:56:17',	'2021-02-09 11:56:17'),
(19,	30,	833562,	'2021-02-09 11:56:17',	'2021-02-09 11:56:17'),
(20,	32,	897767,	'2021-02-09 11:56:17',	'2021-02-09 11:56:17'),
(21,	33,	820243,	'2021-02-09 11:56:17',	'2021-02-09 11:56:17'),
(22,	35,	727500,	'2021-02-09 11:56:17',	'2021-02-09 11:56:17'),
(23,	36,	635464,	'2021-02-09 11:56:17',	'2021-02-09 11:56:17'),
(24,	38,	554764,	'2021-02-09 11:56:17',	'2021-02-09 11:56:17'),
(25,	40,	625481,	'2021-02-09 11:56:17',	'2021-02-09 11:56:17'),
(26,	42,	788589,	'2021-02-09 11:56:17',	'2021-02-09 11:56:17'),
(27,	43,	577785,	'2021-02-09 11:56:17',	'2021-02-09 11:56:17'),
(28,	45,	531857,	'2021-02-09 11:56:17',	'2021-02-09 11:56:17'),
(29,	46,	557579,	'2021-02-09 11:56:17',	'2021-02-09 11:56:17'),
(30,	47,	499337,	'2021-02-09 11:56:17',	'2021-02-09 11:56:17'),
(31,	48,	541177,	'2021-02-09 11:56:17',	'2021-02-09 11:56:17'),
(32,	50,	394683,	'2021-02-09 11:56:17',	'2021-02-09 11:56:17'),
(33,	52,	336239,	'2021-02-09 11:56:17',	'2021-02-09 11:56:17'),
(34,	54,	233859,	'2021-02-09 11:56:17',	'2021-02-09 11:56:17'),
(35,	56,	402843,	'2021-02-09 11:56:17',	'2021-02-09 11:56:17'),
(36,	58,	388627,	'2021-02-09 11:56:18',	'2021-02-09 11:56:18'),
(37,	59,	374559,	'2021-02-09 11:56:18',	'2021-02-09 11:56:18'),
(38,	61,	305984,	'2021-02-09 11:56:18',	'2021-02-09 11:56:18'),
(39,	63,	308544,	'2021-02-09 11:56:18',	'2021-02-09 11:56:18'),
(40,	65,	310168,	'2021-02-09 11:56:18',	'2021-02-09 11:56:18'),
(41,	67,	289966,	'2021-02-09 11:56:18',	'2021-02-09 11:56:18'),
(42,	68,	298681,	'2021-02-09 11:56:18',	'2021-02-09 11:56:18'),
(43,	69,	296389,	'2021-02-09 11:56:18',	'2021-02-09 11:56:18'),
(44,	70,	281434,	'2021-02-09 11:56:18',	'2021-02-09 11:56:18'),
(45,	71,	268507,	'2021-02-09 11:56:18',	'2021-02-09 11:56:18'),
(46,	72,	62916,	'2021-02-09 11:56:18',	'2021-02-09 11:56:18'),
(47,	73,	239599,	'2021-02-09 11:56:18',	'2021-02-09 11:56:18'),
(48,	75,	118017,	'2021-02-09 11:56:18',	'2021-02-09 11:56:18'),
(49,	76,	246154,	'2021-02-09 11:56:18',	'2021-02-09 11:56:18'),
(50,	77,	253803,	'2021-02-09 11:56:18',	'2021-02-09 11:56:18'),
(51,	79,	220962,	'2021-02-09 11:56:18',	'2021-02-09 11:56:18'),
(52,	81,	223446,	'2021-02-09 11:56:18',	'2021-02-09 11:56:18'),
(53,	82,	186462,	'2021-02-09 11:56:18',	'2021-02-09 11:56:18'),
(54,	83,	217062,	'2021-02-09 11:56:18',	'2021-02-09 11:56:18'),
(55,	84,	191531,	'2021-02-09 11:56:18',	'2021-02-09 11:56:18'),
(56,	85,	155385,	'2021-02-09 11:56:18',	'2021-02-09 11:56:18'),
(57,	86,	199627,	'2021-02-09 11:56:18',	'2021-02-09 11:56:18'),
(58,	88,	158418,	'2021-02-09 11:56:18',	'2021-02-09 11:56:18'),
(59,	89,	201308,	'2021-02-09 11:56:18',	'2021-02-09 11:56:18'),
(60,	90,	186262,	'2021-02-09 11:56:18',	'2021-02-09 11:56:18'),
(61,	91,	187359,	'2021-02-09 11:56:18',	'2021-02-09 11:56:18'),
(62,	93,	174758,	'2021-02-09 11:56:18',	'2021-02-09 11:56:18'),
(63,	94,	170964,	'2021-02-09 11:56:18',	'2021-02-09 11:56:18'),
(64,	96,	193370,	'2021-02-09 11:56:18',	'2021-02-09 11:56:18'),
(65,	97,	190184,	'2021-02-09 11:56:18',	'2021-02-09 11:56:18'),
(66,	99,	173951,	'2021-02-09 11:56:18',	'2021-02-09 11:56:18'),
(67,	100,	175157,	'2021-02-09 11:56:18',	'2021-02-09 11:56:18'),
(68,	101,	171163,	'2021-02-09 11:56:18',	'2021-02-09 11:56:18'),
(69,	102,	161984,	'2021-02-09 11:56:19',	'2021-02-09 11:56:19'),
(70,	103,	116152,	'2021-02-09 11:56:19',	'2021-02-09 11:56:19'),
(71,	104,	148945,	'2021-02-09 11:56:19',	'2021-02-09 11:56:19'),
(72,	105,	170332,	'2021-02-09 11:56:19',	'2021-02-09 11:56:19'),
(73,	106,	125207,	'2021-02-09 11:56:19',	'2021-02-09 11:56:19'),
(74,	107,	145248,	'2021-02-09 11:56:19',	'2021-02-09 11:56:19'),
(75,	108,	154445,	'2021-02-09 11:56:19',	'2021-02-09 11:56:19'),
(76,	109,	145471,	'2021-02-09 11:56:19',	'2021-02-09 11:56:19'),
(77,	110,	143683,	'2021-02-09 11:56:19',	'2021-02-09 11:56:19'),
(78,	111,	106638,	'2021-02-09 11:56:19',	'2021-02-09 11:56:19'),
(79,	112,	131968,	'2021-02-09 11:56:19',	'2021-02-09 11:56:19'),
(80,	113,	126202,	'2021-02-09 11:56:19',	'2021-02-09 11:56:19'),
(81,	114,	142579,	'2021-02-09 11:56:19',	'2021-02-09 11:56:19'),
(82,	115,	126181,	'2021-02-09 11:56:19',	'2021-02-09 11:56:19'),
(83,	116,	120196,	'2021-02-09 11:56:19',	'2021-02-09 11:56:19'),
(84,	117,	116825,	'2021-02-09 11:56:19',	'2021-02-09 11:56:19'),
(85,	118,	118227,	'2021-02-09 11:56:19',	'2021-02-09 11:56:19'),
(86,	119,	107459,	'2021-02-09 11:56:19',	'2021-02-09 11:56:19'),
(87,	120,	111312,	'2021-02-09 11:56:19',	'2021-02-09 11:56:19'),
(88,	121,	90055,	'2021-02-09 11:56:19',	'2021-02-09 11:56:19'),
(89,	122,	82293,	'2021-02-09 11:56:19',	'2021-02-09 11:56:19'),
(90,	123,	91553,	'2021-02-09 11:56:19',	'2021-02-09 11:56:19'),
(91,	124,	84481,	'2021-02-09 11:56:19',	'2021-02-09 11:56:19'),
(92,	125,	79043,	'2021-02-09 11:56:19',	'2021-02-09 11:56:19'),
(93,	126,	58082,	'2021-02-09 11:56:19',	'2021-02-09 11:56:19'),
(94,	127,	67446,	'2021-02-09 11:56:19',	'2021-02-09 11:56:19'),
(95,	128,	59396,	'2021-02-09 11:56:19',	'2021-02-09 11:56:19'),
(96,	129,	56866,	'2021-02-09 11:56:19',	'2021-02-09 11:56:19'),
(97,	130,	47008,	'2021-02-09 11:56:19',	'2021-02-09 11:56:19'),
(98,	131,	30653,	'2021-02-09 11:56:19',	'2021-02-09 11:56:19');

DROP TABLE IF EXISTS `wilayah`;
CREATE TABLE `wilayah` (
  `pk` bigint(20) NOT NULL AUTO_INCREMENT,
  `pk_parent` bigint(20) DEFAULT NULL,
  `urai` varchar(255) NOT NULL,
  `created` timestamp NOT NULL DEFAULT current_timestamp(),
  `updated` timestamp NOT NULL DEFAULT current_timestamp() ON UPDATE current_timestamp(),
  PRIMARY KEY (`pk`),
  KEY `wilayah_pk_parent_fk` (`pk_parent`),
  CONSTRAINT `wilayah_pk_parent_fk` FOREIGN KEY (`pk_parent`) REFERENCES `wilayah` (`pk`) ON DELETE CASCADE ON UPDATE CASCADE
) ENGINE=InnoDB DEFAULT CHARSET=utf8mb4;

INSERT INTO `wilayah` (`pk`, `pk_parent`, `urai`, `created`, `updated`) VALUES
(1,	NULL,	'Daerah Khusus Ibukota Jakarta',	'2021-02-09 11:56:16',	'2021-02-09 11:56:16'),
(2,	1,	'Kota Administrasi Jakarta Timur',	'2021-02-09 11:56:16',	'2021-02-09 11:56:16'),
(3,	NULL,	'Jawa Timur',	'2021-02-09 11:56:16',	'2021-02-09 11:56:16'),
(4,	3,	'Kota Surabaya',	'2021-02-09 11:56:16',	'2021-02-09 11:56:16'),
(5,	NULL,	'Jawa Barat',	'2021-02-09 11:56:16',	'2021-02-09 11:56:16'),
(6,	5,	'Kota Bandung',	'2021-02-09 11:56:16',	'2021-02-09 11:56:16'),
(7,	5,	'Kota Bekasi',	'2021-02-09 11:56:17',	'2021-02-09 11:56:17'),
(8,	NULL,	'Sumatra Utara',	'2021-02-09 11:56:17',	'2021-02-09 11:56:17'),
(9,	8,	'Kota Medan',	'2021-02-09 11:56:17',	'2021-02-09 11:56:17'),
(10,	1,	'Kota Administrasi Jakarta Barat',	'2021-02-09 11:56:17',	'2021-02-09 11:56:17'),
(11,	1,	'Kota Administrasi Jakarta Selatan',	'2021-02-09 11:56:17',	'2021-02-09 11:56:17'),
(12,	NULL,	'Sulawesi Selatan',	'2021-02-09 11:56:17',	'2021-02-09 11:56:17'),
(13,	12,	'Kota Makassar',	'2021-02-09 11:56:17',	'2021-02-09 11:56:17'),
(14,	1,	'Kota Administrasi Jakarta Utara',	'2021-02-09 11:56:17',	'2021-02-09 11:56:17'),
(15,	5,	'Kota Depok',	'2021-02-09 11:56:17',	'2021-02-09 11:56:17'),
(16,	NULL,	'Jawa Tengah',	'2021-02-09 11:56:17',	'2021-02-09 11:56:17'),
(17,	16,	'Kota Semarang',	'2021-02-09 11:56:17',	'2021-02-09 11:56:17'),
(18,	NULL,	'Banten',	'2021-02-09 11:56:17',	'2021-02-09 11:56:17'),
(19,	18,	'Kota Tangerang',	'2021-02-09 11:56:17',	'2021-02-09 11:56:17'),
(20,	NULL,	'Sumatra Selatan',	'2021-02-09 11:56:17',	'2021-02-09 11:56:17'),
(21,	20,	'Kota Palembang',	'2021-02-09 11:56:17',	'2021-02-09 11:56:17'),
(22,	18,	'Kota Tangerang Selatan',	'2021-02-09 11:56:17',	'2021-02-09 11:56:17'),
(23,	NULL,	'Lampung',	'2021-02-09 11:56:17',	'2021-02-09 11:56:17'),
(24,	23,	'Kota Bandar Lampung',	'2021-02-09 11:56:17',	'2021-02-09 11:56:17'),
(25,	1,	'Kota Administrasi Jakarta Pusat',	'2021-02-09 11:56:17',	'2021-02-09 11:56:17'),
(26,	NULL,	'Kepulauan Riau',	'2021-02-09 11:56:17',	'2021-02-09 11:56:17'),
(27,	26,	'Kota Batam',	'2021-02-09 11:56:17',	'2021-02-09 11:56:17'),
(28,	5,	'Kota Bogor',	'2021-02-09 11:56:17',	'2021-02-09 11:56:17'),
(29,	NULL,	'Sumatra Barat',	'2021-02-09 11:56:17',	'2021-02-09 11:56:17'),
(30,	29,	'Kota Padang',	'2021-02-09 11:56:17',	'2021-02-09 11:56:17'),
(31,	NULL,	'Riau',	'2021-02-09 11:56:17',	'2021-02-09 11:56:17'),
(32,	31,	'Kota Pekanbaru',	'2021-02-09 11:56:17',	'2021-02-09 11:56:17'),
(33,	3,	'Kota Malang',	'2021-02-09 11:56:17',	'2021-02-09 11:56:17'),
(34,	NULL,	'Kalimantan Timur',	'2021-02-09 11:56:17',	'2021-02-09 11:56:17'),
(35,	34,	'Kota Samarinda',	'2021-02-09 11:56:17',	'2021-02-09 11:56:17'),
(36,	5,	'Kota Tasikmalaya',	'2021-02-09 11:56:17',	'2021-02-09 11:56:17'),
(37,	NULL,	'Kalimantan Barat',	'2021-02-09 11:56:17',	'2021-02-09 11:56:17'),
(38,	37,	'Kota Pontianak',	'2021-02-09 11:56:17',	'2021-02-09 11:56:17'),
(39,	NULL,	'Kalimantan Selatan',	'2021-02-09 11:56:17',	'2021-02-09 11:56:17'),
(40,	39,	'Kota Banjarmasin',	'2021-02-09 11:56:17',	'2021-02-09 11:56:17'),
(41,	NULL,	'Bali',	'2021-02-09 11:56:17',	'2021-02-09 11:56:17'),
(42,	41,	'Kota Denpasar',	'2021-02-09 11:56:17',	'2021-02-09 11:56:17'),
(43,	18,	'Kota Serang',	'2021-02-09 11:56:17',	'2021-02-09 11:56:17'),
(44,	NULL,	'Jambi',	'2021-02-09 11:56:17',	'2021-02-09 11:56:17'),
(45,	44,	'Kota Jambi',	'2021-02-09 11:56:17',	'2021-02-09 11:56:17'),
(46,	34,	'Kota Balikpapan',	'2021-02-09 11:56:17',	'2021-02-09 11:56:17'),
(47,	16,	'Kota Surakarta',	'2021-02-09 11:56:17',	'2021-02-09 11:56:17'),
(48,	5,	'Kota Cimahi',	'2021-02-09 11:56:17',	'2021-02-09 11:56:17'),
(49,	NULL,	'Sulawesi Utara',	'2021-02-09 11:56:17',	'2021-02-09 11:56:17'),
(50,	49,	'Kota Manado',	'2021-02-09 11:56:17',	'2021-02-09 11:56:17'),
(51,	NULL,	'Nusa Tenggara Timur',	'2021-02-09 11:56:17',	'2021-02-09 11:56:17'),
(52,	51,	'Kota Kupang',	'2021-02-09 11:56:17',	'2021-02-09 11:56:17'),
(53,	NULL,	'Papua',	'2021-02-09 11:56:17',	'2021-02-09 11:56:17'),
(54,	53,	'Kota Jayapura',	'2021-02-09 11:56:17',	'2021-02-09 11:56:17'),
(55,	NULL,	'Nusa Tenggara Barat',	'2021-02-09 11:56:17',	'2021-02-09 11:56:17'),
(56,	55,	'Kota Mataram',	'2021-02-09 11:56:17',	'2021-02-09 11:56:17'),
(57,	NULL,	'Daerah Istimewa Yogyakarta',	'2021-02-09 11:56:17',	'2021-02-09 11:56:17'),
(58,	57,	'Kota Yogyakarta',	'2021-02-09 11:56:18',	'2021-02-09 11:56:18'),
(59,	18,	'Kota Cilegon',	'2021-02-09 11:56:18',	'2021-02-09 11:56:18'),
(60,	NULL,	'Maluku',	'2021-02-09 11:56:18',	'2021-02-09 11:56:18'),
(61,	60,	'Kota Ambon',	'2021-02-09 11:56:18',	'2021-02-09 11:56:18'),
(62,	NULL,	'Bengkulu',	'2021-02-09 11:56:18',	'2021-02-09 11:56:18'),
(63,	62,	'Kota Bengkulu',	'2021-02-09 11:56:18',	'2021-02-09 11:56:18'),
(64,	NULL,	'Sulawesi Tengah',	'2021-02-09 11:56:18',	'2021-02-09 11:56:18'),
(65,	64,	'Kota Palu',	'2021-02-09 11:56:18',	'2021-02-09 11:56:18'),
(66,	NULL,	'Sulawesi Tenggara',	'2021-02-09 11:56:18',	'2021-02-09 11:56:18'),
(67,	66,	'Kota Kendari',	'2021-02-09 11:56:18',	'2021-02-09 11:56:18'),
(68,	5,	'Kota Sukabumi',	'2021-02-09 11:56:18',	'2021-02-09 11:56:18'),
(69,	5,	'Kota Cirebon',	'2021-02-09 11:56:18',	'2021-02-09 11:56:18'),
(70,	16,	'Kota Pekalongan',	'2021-02-09 11:56:18',	'2021-02-09 11:56:18'),
(71,	3,	'Kota Kediri',	'2021-02-09 11:56:18',	'2021-02-09 11:56:18'),
(72,	8,	'Kota Pematangsiantar',	'2021-02-09 11:56:18',	'2021-02-09 11:56:18'),
(73,	16,	'Kota Tegal',	'2021-02-09 11:56:18',	'2021-02-09 11:56:18'),
(74,	NULL,	'Papua Barat',	'2021-02-09 11:56:18',	'2021-02-09 11:56:18'),
(75,	74,	'Kota Sorong',	'2021-02-09 11:56:18',	'2021-02-09 11:56:18'),
(76,	8,	'Kota Binjai',	'2021-02-09 11:56:18',	'2021-02-09 11:56:18'),
(77,	31,	'Kota Dumai',	'2021-02-09 11:56:18',	'2021-02-09 11:56:18'),
(78,	NULL,	'Kalimantan Tengah',	'2021-02-09 11:56:18',	'2021-02-09 11:56:18'),
(79,	78,	'Kota Palangka Raya',	'2021-02-09 11:56:18',	'2021-02-09 11:56:18'),
(80,	NULL,	'Aceh',	'2021-02-09 11:56:18',	'2021-02-09 11:56:18'),
(81,	80,	'Kota Banda Aceh',	'2021-02-09 11:56:18',	'2021-02-09 11:56:18'),
(82,	37,	'Kota Singkawang',	'2021-02-09 11:56:18',	'2021-02-09 11:56:18'),
(83,	3,	'Kota Probolinggo',	'2021-02-09 11:56:18',	'2021-02-09 11:56:18'),
(84,	8,	'Kota Padang Sidempuan',	'2021-02-09 11:56:18',	'2021-02-09 11:56:18'),
(85,	49,	'Kota Bitung',	'2021-02-09 11:56:18',	'2021-02-09 11:56:18'),
(86,	39,	'Kota Banjarbaru',	'2021-02-09 11:56:18',	'2021-02-09 11:56:18'),
(87,	NULL,	'Maluku Utara',	'2021-02-09 11:56:18',	'2021-02-09 11:56:18'),
(88,	87,	'Kota Ternate',	'2021-02-09 11:56:18',	'2021-02-09 11:56:18'),
(89,	20,	'Kota Lubuklinggau',	'2021-02-09 11:56:18',	'2021-02-09 11:56:18'),
(90,	3,	'Kota Pasuruan',	'2021-02-09 11:56:18',	'2021-02-09 11:56:18'),
(91,	26,	'Kota Tanjungpinang',	'2021-02-09 11:56:18',	'2021-02-09 11:56:18'),
(92,	NULL,	'Bangka Belitung',	'2021-02-09 11:56:18',	'2021-02-09 11:56:18'),
(93,	92,	'Kota Pangkalpinang',	'2021-02-09 11:56:18',	'2021-02-09 11:56:18'),
(94,	3,	'Kota Madiun',	'2021-02-09 11:56:18',	'2021-02-09 11:56:18'),
(95,	NULL,	'Kalimantan Utara',	'2021-02-09 11:56:18',	'2021-02-09 11:56:18'),
(96,	95,	'Kota Tarakan',	'2021-02-09 11:56:18',	'2021-02-09 11:56:18'),
(97,	3,	'Kota Batu',	'2021-02-09 11:56:18',	'2021-02-09 11:56:18'),
(98,	NULL,	'Gorontalo',	'2021-02-09 11:56:18',	'2021-02-09 11:56:18'),
(99,	98,	'Kota Gorontalo',	'2021-02-09 11:56:18',	'2021-02-09 11:56:18'),
(100,	5,	'Kota Banjar',	'2021-02-09 11:56:18',	'2021-02-09 11:56:18'),
(101,	80,	'Kota Lhokseumawe',	'2021-02-09 11:56:18',	'2021-02-09 11:56:18'),
(102,	20,	'Kota Prabumulih',	'2021-02-09 11:56:19',	'2021-02-09 11:56:19'),
(103,	12,	'Kota Palopo',	'2021-02-09 11:56:19',	'2021-02-09 11:56:19'),
(104,	80,	'Kota Langsa',	'2021-02-09 11:56:19',	'2021-02-09 11:56:19'),
(105,	16,	'Kota Salatiga',	'2021-02-09 11:56:19',	'2021-02-09 11:56:19'),
(106,	12,	'Kota Parepare',	'2021-02-09 11:56:19',	'2021-02-09 11:56:19'),
(107,	8,	'Kota Tebing Tinggi',	'2021-02-09 11:56:19',	'2021-02-09 11:56:19'),
(108,	8,	'Kota Tanjungbalai',	'2021-02-09 11:56:19',	'2021-02-09 11:56:19'),
(109,	23,	'Kota Metro',	'2021-02-09 11:56:19',	'2021-02-09 11:56:19'),
(110,	34,	'Kota Bontang',	'2021-02-09 11:56:19',	'2021-02-09 11:56:19'),
(111,	66,	'Kota Baubau',	'2021-02-09 11:56:19',	'2021-02-09 11:56:19'),
(112,	3,	'Kota Blitar',	'2021-02-09 11:56:19',	'2021-02-09 11:56:19'),
(113,	8,	'Kota Gunungsitoli',	'2021-02-09 11:56:19',	'2021-02-09 11:56:19'),
(114,	55,	'Kota Bima',	'2021-02-09 11:56:19',	'2021-02-09 11:56:19'),
(115,	20,	'Kota Pagar Alam',	'2021-02-09 11:56:19',	'2021-02-09 11:56:19'),
(116,	3,	'Kota Mojokerto',	'2021-02-09 11:56:19',	'2021-02-09 11:56:19'),
(117,	29,	'Kota Payakumbuh',	'2021-02-09 11:56:19',	'2021-02-09 11:56:19'),
(118,	16,	'Kota Magelang',	'2021-02-09 11:56:19',	'2021-02-09 11:56:19'),
(119,	49,	'Kota Kotamobagu',	'2021-02-09 11:56:19',	'2021-02-09 11:56:19'),
(120,	29,	'Kota Bukittinggi',	'2021-02-09 11:56:19',	'2021-02-09 11:56:19'),
(121,	87,	'Kota Tidore Kepulauan',	'2021-02-09 11:56:19',	'2021-02-09 11:56:19'),
(122,	44,	'Kota Sungaipenuh',	'2021-02-09 11:56:19',	'2021-02-09 11:56:19'),
(123,	49,	'Kota Tomohon',	'2021-02-09 11:56:19',	'2021-02-09 11:56:19'),
(124,	8,	'Kota Sibolga',	'2021-02-09 11:56:19',	'2021-02-09 11:56:19'),
(125,	29,	'Kota Pariaman',	'2021-02-09 11:56:19',	'2021-02-09 11:56:19'),
(126,	60,	'Kota Tual',	'2021-02-09 11:56:19',	'2021-02-09 11:56:19'),
(127,	80,	'Kota Subulussalam',	'2021-02-09 11:56:19',	'2021-02-09 11:56:19'),
(128,	29,	'Kota Solok',	'2021-02-09 11:56:19',	'2021-02-09 11:56:19'),
(129,	29,	'Kota Sawahlunto',	'2021-02-09 11:56:19',	'2021-02-09 11:56:19'),
(130,	29,	'Kota Padang Panjang',	'2021-02-09 11:56:19',	'2021-02-09 11:56:19'),
(131,	80,	'Kota Sabang',	'2021-02-09 11:56:19',	'2021-02-09 11:56:19'),
(132,	57,	'Bantul',	'2021-02-09 13:21:39',	'2021-02-09 13:21:39');

-- 2021-02-09 14:32:19
